20(木)広告の品,北海道乳業,産地直送牛乳,1000ml,154,167,本日限りのお買得品!,産地直送牛乳
20(木)広告の品,シマダヤ,太鼓判国産小麦のうどん,3食入,72,78,お1人様3点限り！,太鼓判玉うどん
20(木)広告の品,ミツカン,金のつぶとろっ豆納豆,3P,58,63,本日限りのお買得品！,とろっ豆納豆
20(木)広告の品,フジパン,スナックサンド,各2枚入,78,85,本日限りのお買得品！,スナックサンド
21(金)広告の品,東北産,ミックスサイズたまご,10個入,153,166,お1人様2点限り！,ミックスたまご
21(金)広告の品,森永乳業,家計応援スライスチーズ,各10枚入,143,155,お1人様あわせて3点限り！,家計応援スライスチーズ
21(金)広告の品,阿部善商店,塩竈おでん,9種18個入,318,344,本日限りのお買得品！,塩竈おでん
21(金)広告の品,ヤマザキ,コッペパン,各1個,75,81,本日限りのお買得品！,ヤマザキ　コッペパン
22(土)広告の品,明治,ブルガリアヨーグルト,各400g,112,121,お1人様あわせて3点限り！,ブルガリアヨーグルト
22(土)広告の品,シマダヤ,本生ラーメン,各3人前,125,135,お1人様あわせて3点限り！,本生ラーメン
22(土)広告の品,ホソヤ,昭和生まれの贅沢シリーズ,各1パック,158,171,本日限りのお買得品！,昭和生まれの贅沢
22(土)広告の品,フジパン,ネオバターロール,各6個入,128,139,本日限りのお買得品！,ネオバターロール
23(日)広告の品,ダノン,ダノンヨーグルト,各4P,85,92,13時まで！お1人様あわせて3点限り！,ダノンヨーグルト
23(日)広告の品,キング醸造,和風天国調味料,各1L,111,120,13時まで！お1人様あわせて2点限り！,和風天国
23(日)広告の品,東北産,紅たまご玉椿,10個入,168,182,お1人様あわせて2点限り！,紅たまご玉椿
23(日)広告の品,QBB,ベビーチーズ各種,各4個入,77,84,本日限りのお買得品！,QBB ベビーチーズ
23(日)広告の品,ロルフ,大人のベビーチーズ,各4個入,77,84,本日限りのお買得品！,ロルフ　大人のベビーチーズ
23(日)広告の品,北海道乳業,産地直送牛乳,1000ml,154,167,本日限りのお買得品!,産地直送牛乳
23(日)広告の品,神戸屋,もちふわ食パン,各1袋,96,104,本日限りのお買得品！,もちふわ食パン
24(月)広告の品,東海漬物,こくうま熟うま辛キムチ,320g,175,189,お1人様3点限り！,こくうま熟うま辛キムチ
24(月)広告の品,雪印メグミルク,雪印コーヒー,1000ml,98,106,本日限りのお買得品！,雪印コーヒー
24(月)広告の品,紀文食品,綿雪はんぺん,1袋,75,81,本日限りのお買得品！,綿雪はんぺん
25(火)あおば市,近藤乳業,湘南牛乳,1000ml,152,165,本日限りのお買得品！,湘南牛乳
25(火)あおば市,タカノフーズ,国産丸大豆納豆,3P,85,92,本日限りのお買得品！,国産丸大豆納豆
25(火)あおば市,横浜鶏卵,料理上手なママに,10個入,158,171,本日限りのお買得品！,noimage
25(火)あおば市,ニチレイフーズ,広東風スープ,各1箱,119,129,本日限りのお買得品！,ニチレイ　広東風フカヒレスープ
25(火)あおば市,大塚食品,ボンカレーゴールド,各1箱,99,107,本日限りのお買得品！,ボンカレーゴールド
26(水)あおば市,フジパン,本仕込食パン,1袋,128,139,本日限りのお買得品！,本仕込み食パン
26(水)あおば市,明治,ミルクきわだつヨーグルト,4P,138,150,本日限りのお買得品！,北海道十勝ミルクきわだつヨーグルト
26(水)あおば市,むつみ,国産大豆豆腐,各350g,58,63,本日限りのお買得品！,むつみ 国産大豆豆腐
26(水)あおば市,キッコーマン,いつでも新鮮生しょうゆ,600ml,269,291,本日限りのお買得品！,いつでも新鮮しょうゆ620ml
26(水)あおば市,カゴメ,基本のトマトソース,1缶,111,120,本日限りのお買得品！,基本のトマトソース



