20(木),北海道乳業,産地直送牛乳,1000ml,154,167,本日限りのお買得品!
20(木),シマダヤ,太鼓判国産小麦のうどん,3食入,72,78,お1人様3点限り！
20(木),ミツカン,金のつぶパキッとたれ　とろっ豆納豆,3P,58,63,本日限りのお買得品！
20(木),フジパン,スナックサンド,各2枚入,78,85,本日限りのお買得品！
21(金),東北産,ミックスサイズたまご,10個入,153,166,お1人様2点限り！
21(金),森永乳業,家計応援スライスチーズ,各10枚入,143,155,お1人様あわせて3点限り！
21(金),阿部善商店,塩竈おでん,9種18個入,318,344,本日限りのお買得品！
21(金),ヤマザキ,コッペパン,各1個,75,81,本日限りのお買得品！
22(土),明治,ブルガリアヨーグルトLB21,各400g,112,121,お1人様あわせて3点限り！
22(土),シマダヤ,本生ラーメン,各3人前,125,135,お1人様あわせて3点限り！
22(土),ホソヤ,昭和生まれの贅沢シリーズ,各1パック,158,171,本日限りのお買得品！
22(土),フジパン,ネオバターロール,各6個入,128,139,本日限りのお買得品！
23(日),ダノン,ダノンヨーグルト,各4P,85,92,13時まで！お1人様あわせて3点限り！
23(日),キング醸造,和風天国調味料(みりんタイプ・料理酒),各1L,111,120,13時まで！お1人様あわせて2点限り！
23(日),東北産,紅たまご玉椿,10個入,168,182,お1人様あわせて2点限り！
23(日),QBB ロルフ,ベビーチーズ・大人のベビーチーズ。プレミアムベビーチーズ,各4個入,77,84,本日限りのお買得品！
23(日),北海道乳業,産地直送牛乳,1000ml,154,167,本日限りのお買得品!
23(日),神戸屋,もちふわ食パン,各1袋,96,104,本日限りのお買得品！
24(月),東海漬物,こくうま熟うま辛キムチ,320g,175,189,お1人様3点限り！
24(月),雪印メグミルク,雪印コーヒー,1000ml,98,106,本日限りのお買得品！
24(月),紀文食品,綿雪はんぺん,1袋,75,81,本日限りのお買得品！
20(木)〜24(月),ハウス,とんがりコーン,各1個,99,107,5日間限定のお買得品！
20(木)〜24(月),カバヤ食品,さくさくパンダファミリーパック,1袋,158,171,5日間限定のお買得品！
20(木)〜24(月),正栄デリシィ,サク山チョコ次郎,6P,158,171,5日間限定のお買得品！
20(木)〜24(月),YBC,ノアール,18枚入,138,150,5日間限定のお買得品！
20(木)〜24(月),YBC,レモンパック,18枚入,138,150,5日間限定のお買得品！
20(木)〜24(月),YBC,ルヴァンプライムチーズサンド,18枚入,138,150,5日間限定のお買得品！
20(木)〜24(月),三幸製菓,柿の種,各1袋,108,117,5日間限定のお買得品！
20(木)〜24(月),三幸製菓,ぱりんこ,1袋,108,117,5日間限定のお買得品！
20(木)〜24(月),森永製菓,小麦胚芽のクラッカー,64枚入,179,194,5日間限定のお買得品！



